FIRSTNAME,LASTNAME,TOTALPRICE,DEPOSITPAID,CHECKIN,CHECKOUT,ADDITIONALNEEDS,USERNAME,PASSWORD
Hattie,Jachtym,hjachtym0@arizona.edu,true,2022-01-07,2022-01-20,breakfast,hjachtym0,xqVTvzEufU
Madelin,Flannigan,mflannigan1@narod.ru,false,2022-01-07,2022-01-20,pillow,mflannigan1,bVwM3urB
Beryle,Anderson,banderson2@wix.com,false,2022-01-07,2022-01-20,pillow,banderson2,hefarF1Kd
Caresa,Loud,cloud3@canalblog.com,true,2022-01-07,2022-01-20,pillow,cloud3,D9UNTrsL9f
Lucille,Niblett,lniblett4@google.pl,false,2022-01-07,2022-01-20,pillow,lniblett4,T2SHKf8
Kanya,Hartington,khartington5@miibeian.gov.cn,false,2022-01-07,2022-01-20,breakfast,khartington5,VzPtankSMU
Alwyn,Busen,abusen6@time.com,false,2022-01-07,2022-01-20,breakfast,abusen6,dzJkj1GeMH
Sylvia,Andren,sandren7@dailymail.co.uk,true,2022-01-07,2022-01-20,pillow,sandren7,JU9gD3eBzNT3
Mohandis,Vossing,mvossing8@issuu.com,false,2022-01-07,2022-01-20,pillow,mvossing8,O8yiVsgr
Frederica,Braferton,fbraferton9@hud.gov,true,2022-01-07,2022-01-20,breakfast,fbraferton9,zddxsquGq
Fawnia,Kyffin,fkyffina@indiatimes.com,false,2022-01-07,2022-01-20,breakfast,fkyffina,soQqg3U
Hanna,McCraw,hmccrawb@webs.com,false,2022-01-07,2022-01-20,breakfast,hmccrawb,2AwssKA
Gannie,Beattie,gbeattiec@oaic.gov.au,false,2022-01-07,2022-01-20,breakfast,gbeattiec,qGh7NPUNr
Avrit,Shaplin,ashaplind@marriott.com,true,2022-01-07,2022-01-20,breakfast,ashaplind,pl5n8zMP
Bernita,Hexum,bhexume@blogger.com,true,2022-01-07,2022-01-20,pillow,bhexume,zJQ840sXkOf
Dennison,Alforde,dalfordef@twitpic.com,false,2022-01-07,2022-01-20,breakfast,dalfordef,q0YNnW
Lib,Lewer,llewerg@accuweather.com,false,2022-01-07,2022-01-20,pillow,llewerg,KMIKrj8FlS
Leonore,Childs,lchildsh@bing.com,false,2022-01-07,2022-01-20,breakfast,lchildsh,GrLel07A6
Kristofor,Burrow,kburrowi@sfgate.com,true,2022-01-07,2022-01-20,pillow,kburrowi,rV0s3or
Mattheus,Stodd,mstoddj@yahoo.com,true,2022-01-07,2022-01-20,breakfast,mstoddj,t8hNnhgM
Shari,Bulter,sbulterk@yellowpages.com,false,2022-01-07,2022-01-20,pillow,sbulterk,L2kngJ
Ricca,Freen,rfreenl@vinaora.com,true,2022-01-07,2022-01-20,pillow,rfreenl,TmUyF8r
Olav,Peret,operetm@paginegialle.it,false,2022-01-07,2022-01-20,pillow,operetm,v5i95Yvyb
Greta,Tumasian,gtumasiann@nhs.uk,true,2022-01-07,2022-01-20,pillow,gtumasiann,BmE4cQ
Roscoe,Isakov,risakovo@hostgator.com,false,2022-01-07,2022-01-20,pillow,risakovo,Ej5o99nx